Reporter Name,Partner Name,Year,Trade Flow,Product Group,Export (US$ Thousand),Import (US$ Thousand),Export Product Share (%),Import Product Share (%),Revealed comparative advantage,World Growth (%),Country Growth (%),AHS Simple Average (%),AHS Weighted Average (%),AHS Total Tariff Lines,AHS Dutiable Tariff Lines Share (%),AHS Duty Free Tariff Lines Share (%),AHS Specific Tariff Lines Share (%),AHS AVE Tariff Lines Share (%),AHS MaxRate (%),AHS MinRate (%),AHS SpecificDuty Imports (US$ Thousand),AHS Dutiable Imports (US$ Thousand),AHS Duty Free Imports (US$ Thousand),MFN Simple Average (%),MFN Weighted Average (%),MFN Total Tariff Lines,MFN Dutiable Tariff Lines Share (%),MFN Duty Free Tariff Lines Share (%),MFN Specific Tariff Lines Share (%),MFN AVE Tariff Lines Share (%),MFN MaxRate (%),MFN MinRate (%),MFN SpecificDuty Imports (US$ Thousand),MFN Dutiable Imports (US$ Thousand),MFN Duty Free Imports (US$ Thousand)
 World,Aruba,2016,EXPIMP,Plastic or Rubber,29672.62,970.45,1.63,0.55,1,0.19,0.19,8.74,5.85,388,58.76,41.24,0,0,20,0,0,951.84,319.99,9.69,9.64,15822,78.81,19.92,4.9,47.16,400,0,130.37,1271.82,0
 World,Afghanistan,2016,EXPIMP,Plastic or Rubber,176504.64,2145.14,2.66,0.21,1,8.66,8.66,6.09,9.41,433,44.34,55.43,0,0.23,25,0,0,1227.83,87.25,10.33,9.22,11852,79.69,19.24,2.77,26.56,400,0,46.33,1315.08,0
 World,Angola,2016,EXPIMP,Plastic or Rubber,597489.24,2058.23,4.12,0.01,,,,4.58,3.91,629,60.41,39.59,0,0,40,0,0,1395.11,56.9,9.65,7.98,17535,77.96,20.79,4.61,30.21,400,0,96.81,1452.01,0
 World,Anguila,2016,EXPIMP,Plastic or Rubber,1726.56,228.71,2.38,1.8,,,,8.11,3.53,80,56.25,43.75,0,0,25,0,0,42.52,24.36,10.43,7.29,4156,77.48,21.82,3.75,32.5,400,0,16.2,66.88,0
 World,Albania,2016,EXPIMP,Plastic or Rubber,342871.78,14798.73,4.61,0.72,1,7,7,3,2.64,1076,24.16,75.84,0,0,30,0,0,8982.59,3429.22,9.41,10.86,22570,78.4,20.42,1.95,22.77,400,0,710.61,12411.81,0
 World,Andorra,2016,EXPIMP,Plastic or Rubber,57210.68,1100.58,2.12,1.1,,,,2.02,1.73,618,31.39,68.61,0,0,40,0,0,449.17,712.63,10.07,8.99,18836,80.02,18.74,3.4,34.63,400,0,72.69,1161.8,0
 World,United Arab Emirates,2016,EXPIMP,Plastic or Rubber,7044919.34,6445532.66,2.64,4.12,1,-6.28,-6.28,6.92,4.49,10907,61.24,38.58,0.05,0.14,400,0,88768.95,5937077.33,112.6,8,5.77,41855,74.95,23.78,0.41,4.45,400,0,148583.09,5937189.93,0
 World,Argentina,2016,EXPIMP,Plastic or Rubber,3176692.02,1223960.11,5.31,2.1,1,-6.39,-6.39,3.2,4.21,5005,51.55,48.31,0.02,0.12,45,0,7158.36,1192239.55,483.31,8.03,7.99,38466,75.22,23.59,0.5,8.67,400,0,57896.21,1192722.86,0
 World,Armenia,2016,EXPIMP,Plastic or Rubber,81418.54,7557.92,2.73,0.47,1,-3.11,-3.11,0.45,2.01,389,17.74,82.26,0,0,20,0,0,3645.03,4031.73,9.62,10.17,16907,79.13,19.77,3.6,44.47,400,0,288.4,7676.76,0
 World,American Samoa,2016,EXPIMP,Plastic or Rubber,1536.24,513.27,0.94,1.16,,,,6.38,1.81,131,69.47,30.53,0,0,50,0,0,961.57,339.54,8.98,4.87,9348,76.27,22.85,8.4,54.2,400,0,2.07,1301.11,0
 World,Antarctica,2016,EXPIMP,Plastic or Rubber,424.28,63.51,0.7,0.62,,,,4.92,5.04,16,68.75,31.25,0,0,10,0,0,56.88,1.42,8.72,4.73,1366,75.26,23.72,0,87.5,400,0,0,58.29,0
 World,Fr. So. Ant. Tr,2016,EXPIMP,Plastic or Rubber,2025.2,1.56,5.07,0.01,,,,7.75,5.98,4,75,25,0,0,20,0,0,0.11,0.12,9.66,10.25,634,81.23,17.82,0,150,50,0,0,0.23,0
 World,Antigua and Barbuda,2016,EXPIMP,Plastic or Rubber,13061.18,261.47,1.03,0.1,1,-0.95,-0.95,1,1.4,281,16.73,83.27,0,0,20,0,0,107.74,238.7,10.45,6.32,15560,80.28,18.46,9.61,59.79,400,0,229.04,346.44,0
 World,Australia,2016,EXPIMP,Plastic or Rubber,8812698.83,1184183.12,4.15,0.59,1,-0.79,-0.79,5.75,7.16,9157,67.54,31.77,0.01,0.68,400,0,6825.82,1069891.06,381.93,8.03,8.26,41542,75.05,23.68,0.49,5.27,400,0,38431.31,1070273,0
 World,Austria,2016,EXPIMP,Plastic or Rubber,7567941.83,7299663.55,5.16,5.09,1,-0.33,-0.33,4.31,4.87,10686,57.24,42.55,0.01,0.2,50,0,27628.23,1618236.78,496.2,8.02,8.13,40362,75.17,23.59,0.3,4.37,400,0,41837.66,1618732.97,0
 World,Azerbaijan,2016,EXPIMP,Plastic or Rubber,366867.65,135773.45,3.81,1.05,1,19.37,19.37,1.19,2.96,517,29.01,70.99,0,0,25,0,0,129202.77,2779.1,9.92,4.73,20417,79.29,19.55,3.87,41.97,400,0,559.29,131981.87,0
 World,Burundi,2016,EXPIMP,Plastic or Rubber,17420.79,48.79,3.87,0.03,1,25.89,25.89,3.69,1.82,37,29.73,70.27,0,0,25,0,0,3.4,16.93,12.67,10.81,5060,82.23,16.4,59.46,127.03,400,0,4.31,20.33,0
 World,Belgium,2016,EXPIMP,Plastic or Rubber,19259204.12,26376585.14,5.78,8.7,1,3.37,3.37,5.78,4.68,15418,61.98,37.81,0.03,0.18,400,0,101104.28,5317913.01,1941.34,8.02,6.24,41686,75.02,23.71,0.29,3.15,400,0,221369.32,5319854.35,0
 World,Benin,2016,EXPIMP,Plastic or Rubber,135972.7,2246.32,2.32,0.21,1,-6.16,-6.16,3.24,5.33,153,27.45,72.55,0,0,50,0,0,2727.24,242.45,10.65,11.49,12901,79.82,18.98,16.99,84.97,400,0,128.43,2969.68,0
 World,Bonaire,2016,EXPIMP,Plastic or Rubber,8774.63,6.44,1.96,0.06,,,,2.17,3.16,4,50,50,0,0,6.5,0,0,0.86,0.32,10.85,10.74,475,82.32,16.63,25,100,50,0,0.32,1.18,0
 World,Burkina Faso,2016,EXPIMP,Plastic or Rubber,386213.44,512.63,14.33,0.03,1,11.82,11.82,1.13,0.53,188,25.53,74.47,0,0,25,0,0,128.42,714.39,10.61,8.11,11522,80.48,18.35,11.7,60.11,400,0,78.14,842.81,0
 World,Bangladesh,2016,EXPIMP,Plastic or Rubber,2282124.12,92164.78,4.98,0.24,,,,4.64,14.2,1987,59.49,40.46,0,0.05,400,0,0,90027.29,2354.08,9.07,11.61,23194,77.86,21,0.7,12.58,400,0,5417.24,92381.37,0
 World,Bulgaria,2016,EXPIMP,Plastic or Rubber,1662201.03,879579.29,5.64,3.45,1,3.48,3.48,3.42,3.9,4489,53.58,46.27,0.02,0.13,30,0,4091.75,224271.81,386.24,8.42,8.52,36302,76,22.76,0.82,9.18,400,0,7313.77,224658.05,0
 World,Bahrain,2016,EXPIMP,Plastic or Rubber,399650.91,218427.52,3.07,2.84,1,-3.22,-3.22,5.98,7.66,1393,53.91,46.09,0,0,400,0,0,175651.35,8116.43,8.95,8.88,24084,77.28,21.61,1.29,17.88,400,0,8212.32,183767.78,0
 World,"Bahamas, The",2016,EXPIMP,Plastic or Rubber,76670.08,84027.99,0.97,5.37,,,,2.93,6.62,376,36.44,63.3,0,0.27,22.25,0,0,105214.81,477.16,10.59,5.33,12537,79.07,19.75,6.91,32.45,400,0,119.72,105691.97,0
 World,Bosnia and Herzegovina,2016,EXPIMP,Plastic or Rubber,938357.9,190465.81,7.03,3.52,1,3.16,3.16,0.86,3.14,1667,23.76,76.24,0,0,30,0,0,150562.23,26906.57,8.73,12.63,30760,76.81,21.93,1.86,21.42,400,0,11240.14,177468.8,0
 World,Saint Barthélemy,2016,EXPIMP,Plastic or Rubber,4283.81,144.69,2.98,1.15,,,,5.97,5.39,34,82.35,17.65,0,0,11.9,0,0,23.99,0,10.44,10.54,1970,76.75,22.28,0,55.88,50,0,0,23.99,0
 World,Belarus,2016,EXPIMP,Plastic or Rubber,1736176.46,1112572.85,6.11,6.06,1,2.09,2.09,2.72,3.68,2851,49.32,50.68,0,0,50,0,0,1061473.97,26294.67,8.3,8.78,37575,75.93,22.84,1.12,15.08,400,0,60517.23,1087768.64,0
 World,Belize,2016,EXPIMP,Plastic or Rubber,41069.13,1862.68,4.63,0.47,1,-3.31,-3.31,3.4,2.16,367,39.24,60.49,0.27,0,30,0,3.66,466.96,536.01,9.64,10.45,11355,78.59,20.4,1.09,30.25,400,0,10.63,1002.97,0
 World,Bermuda,2016,EXPIMP,Plastic or Rubber,18549.61,1853.36,0.56,0.41,1,4.66,4.66,10.25,5.16,60,73.33,26.67,0,0,20,0,0,1837.88,0.01,11.31,4.89,5095,79.43,19.59,6.67,76.67,400,0,1.68,1837.89,0
 World,Bolivia,2016,EXPIMP,Plastic or Rubber,480197.77,3271.4,6.49,0.05,1,-3.1,-3.1,4.28,1.21,572,47.03,52.62,0.17,0.17,20,0,17.67,3317.09,692.46,9.34,5.67,14832,78.63,20.35,1.75,24.65,400,0,52.7,4009.55,0
 World,Brazil,2016,EXPIMP,Plastic or Rubber,9694735.05,5047081.56,5.61,2.57,1,-8.8,-8.8,4.81,5.52,11343,59.29,40.54,0.02,0.15,50,0,70141.07,4481161.76,532.05,8.02,7.89,41710,75,23.73,0.4,4.26,400,0,522543.92,4481693.81,0
 World,Barbados,2016,EXPIMP,Plastic or Rubber,46142.14,4309.79,3.64,1.72,1,-1.3,-1.3,2.93,2.36,489,19.22,80.78,0,0,45,0,0,2161.35,1184.5,9.41,9.66,18340,78.57,20.4,1.23,37.63,400,0,56.37,3345.85,0
 World,Brunei,2016,EXPIMP,Plastic or Rubber,94666.96,2364.51,2.68,0.05,1,0.11,0.11,6.32,5.1,237,40.08,59.92,0,0,40,0,0,726.08,1091.05,9.99,7.54,9475,78.46,20.58,2.11,36.29,400,0,844,1817.13,0
 World,Bhutan,2016,EXPIMP,Plastic or Rubber,15102.79,7967.11,3.16,5.48,,,,2.36,0.04,130,29.23,70.77,0,0,20,0,0,73.94,7858.35,9.17,8.9,5780,77.63,21.68,3.08,27.69,400,0,118.1,7932.29,0
 World,Bunkers,2016,EXPIMP,Plastic or Rubber,30035.38,695.35,0.07,10.05,,,,0,0,1,0,100,0,0,0,0,0,0,47.91,4.62,4.62,160,60.63,38.13,0,200,45,0,0,47.91,0
 World,Bouvet Island,2016,EXPIMP,Plastic or Rubber,41.58,18.38,0.46,2.14,,,,7.73,7.98,15,60,40,0,0,18,0,0,3.56,0,10.53,9.77,1291,75.29,24.09,6.67,46.67,50,0,1.17,3.56,0
 World,Botswana,2016,EXPIMP,Plastic or Rubber,161672.78,23776.78,2.68,0.33,1,-8.63,-8.63,0.23,0.41,1014,4.83,95.17,0,0,30,0,0,3150.67,20839.03,9.58,11.43,25480,78.43,20.29,3.65,28.6,400,0,185.08,23989.7,0
 World,Central African Republic,2016,EXPIMP,Plastic or Rubber,8440.42,434.52,2.39,0.32,1,-1.22,-1.22,5.15,6.39,154,53.25,46.75,0,0,17.5,0,0,378.76,56.71,8.78,5.49,5712,75.4,23.77,1.3,29.22,50,0,1.59,435.47,0
 World,Canada,2016,EXPIMP,Plastic or Rubber,21667053.63,16018491.84,5.04,4.09,1,-1.35,-1.35,6.49,7.31,12856,71.07,28.76,0.03,0.14,400,0,122972.94,16285413.02,143.15,8.01,8.49,41715,74.99,23.74,0.35,3.76,400,0,1236724.03,16285556.17,0
 World,Cocos (Keeling) Islands,2016,EXPIMP,Plastic or Rubber,156.85,24.25,1.42,0.53,,,,5.73,4.44,68,69.12,30.88,0,0,15,0,0,119.65,0,10.74,14.64,4163,78.57,20.56,4.41,48.53,400,0,1.42,119.65,0
 World,Switzerland,2016,EXPIMP,Plastic or Rubber,12887157.87,5636296.59,3.18,1.83,1,-0.11,-0.11,4.62,5.42,13201,51.77,48.1,0.02,0.11,60,0,72575.4,5257844.55,1966.35,8.02,8.35,41549,75.02,23.71,0.34,3.66,400,0,160241.42,5259810.91,0
 World,Chile,2016,EXPIMP,Plastic or Rubber,3432440.19,706376.66,5.27,1.13,1,-5.28,-5.28,3.22,6.13,3470,28.24,71.73,0,0.03,45,0,0,671838.9,6858.15,8.36,12.39,34341,76.3,22.54,0.43,11.01,400,0,54917.9,678697.05,0
 World,China,2016,EXPIMP,Plastic or Rubber,74504470.59,83621474.8,4.94,3.74,1,-3.13,-3.13,6.93,9.61,29062,70,29.79,0.04,0.17,400,0,11587427.51,79513936.23,0,8,10.36,41855,74.95,23.78,0.15,1.67,400,0,11923906.64,79513936.23,0
 World,Cote d'Ivoire,2016,EXPIMP,Plastic or Rubber,555172.37,784866.81,4.99,6.84,,,,1.05,1.69,797,21.33,78.67,0,0,25,0,0,670838.13,22531.55,8.93,4.25,22354,76.74,22.21,2.63,26.98,400,0,824.38,693369.68,0
 World,Cameroon,2016,EXPIMP,Plastic or Rubber,301567.5,62561.3,4.37,1.57,1,-3.29,-3.29,4.39,1.98,755,39.6,60.4,0,0,30,0,0,76741.29,15207.14,9.73,5.3,18625,79.43,19.53,1.85,23.71,400,0,13281.81,91948.43,0
 World,"Congo, Rep.",2016,EXPIMP,Plastic or Rubber,163706.19,978.76,2.75,0.02,,,,7.6,1.1,266,59.77,40.23,0,0,50,0,0,324,2514.79,9.18,4.39,10671,77.45,21.57,6.77,32.33,400,0,47.41,2838.79,0
 World,Cook Islands,2016,EXPIMP,Plastic or Rubber,3313.22,66.09,1.85,0.18,,,,2.3,0.21,17,23.53,76.47,0,0,30,0,0,1.58,70.39,10.6,11.09,2600,81.88,17.35,0,117.65,400,0,0,71.97,0
 World,Colombia,2016,EXPIMP,Plastic or Rubber,3058094.55,1282800.19,6.38,3.58,1,-6.03,-6.03,3.43,3.67,4424,40.91,59,0,0.09,400,0,0,1153146.63,3356.97,8.07,7.25,39379,75.35,23.44,0.57,10.19,400,0,41621.06,1156503.59,0
 World,Comoros,2016,EXPIMP,Plastic or Rubber,23349.7,11.21,4.67,0.01,,,,6.32,5.31,82,56.1,43.9,0,0,22.25,0,0,8.09,2.29,11.55,9.68,3074,79.8,19.45,1.22,26.83,400,0,0.42,10.38,0
 World,Cape Verde,2016,EXPIMP,Plastic or Rubber,49946.34,258.04,3.9,0.26,1,13.65,13.65,1.52,1.27,211,13.74,86.26,0,0,22.25,0,0,58.21,187.03,10.52,10.23,9285,79.8,19.25,4.74,37.44,400,0,19.48,245.24,0
 World,Costa Rica,2016,EXPIMP,Plastic or Rubber,1100021.83,598371.72,7.37,4.51,1,0.14,0.14,3.9,8.01,2831,51.68,48.15,0,0.18,45,0,0,495835.07,699.94,8.66,10.91,33840,76.67,22.09,1.27,13.56,400,0,33570.06,496535.01,0
 World,Cuba,2016,EXPIMP,Plastic or Rubber,538752.2,1418.45,5.94,0.09,,,,9.41,5.43,292,63.7,36.3,0,0,50,0,0,492.2,25.01,9.79,8.35,10146,78.2,20.86,1.37,31.51,400,0,19.88,517.21,0
 World,Curaçao,2016,EXPIMP,Plastic or Rubber,46085.96,3905.37,2.18,0.24,,,,9.88,8.12,819,83.27,16.61,0.12,0,40,0,10.79,2866.49,38.25,9.33,7.71,21317,77.67,21.13,2.44,28.82,400,0,152.51,2904.74,0
 World,Christmas Island,2016,EXPIMP,Plastic or Rubber,813.88,19.25,2.39,0.08,,,,7.69,3.47,106,48.11,51.89,0,0,33.5,0,0,169.51,34.56,11.58,8.78,4040,80.1,18.86,3.77,35.85,50,0,1.24,204.07,0
 World,Cayman Islands,2016,EXPIMP,Plastic or Rubber,15630.64,9042.35,0.22,0.4,,,,14.48,4.92,176,59.09,40.91,0,0,60,0,0,819.34,390.56,11.31,7.48,8637,81.71,17.46,1.7,39.2,400,0,0.73,1209.9,0
 World,Cyprus,2016,EXPIMP,Plastic or Rubber,246534.36,40222.26,2.85,1.44,1,4.47,4.47,9.08,8.53,1240,50.97,49.03,0,0,400,0,0,15304.42,972.39,9.91,10.84,19952,79.53,19.41,1.13,16.05,400,0,2058.17,16276.81,0
 World,Czech Republic,2016,EXPIMP,Plastic or Rubber,9265683.14,7947406.69,7.02,5.39,1,1.77,1.77,4.73,6.45,9939,58.83,40.84,0.02,0.31,400,0,45365.72,1499144.16,1058.05,8.24,10.24,39473,75.58,23.14,0.45,4.64,400,0,131407.84,1500202.2,0
 World,Germany,2016,EXPIMP,Plastic or Rubber,52669532.62,74904691.18,5.38,6.07,1,-0.33,-0.33,5.72,6.17,23333,61.96,37.8,0.03,0.21,400,0,694100.64,24083696.74,0,8,7.94,41855,74.95,23.78,0.19,2.08,400,0,1202653.88,24083696.74,0
 World,Djibouti,2016,EXPIMP,Plastic or Rubber,350218.51,2742.31,7.3,2.45,,,,6.7,6.97,122,56.56,42.62,0,0.82,25,0,0,606.8,45.62,10.1,5.57,6025,78.46,20.43,9.02,45.9,400,0,17.91,652.42,0
 World,Dominica,2016,EXPIMP,Plastic or Rubber,17311.74,1948.1,7.34,3.4,,,,7.05,5.34,242,54.13,45.87,0,0,60,0,0,1037.54,195.78,9.63,11.97,8687,78.15,20.84,4.13,32.23,400,0,15.42,1233.31,0
 World,Denmark,2016,EXPIMP,Plastic or Rubber,4115827.32,2747124.65,4.94,3.28,1,0.36,0.36,4.58,6.62,9412,59.87,40.03,0.01,0.08,400,0,13004.88,694249.84,2521.94,8.14,9.55,40449,75.34,23.38,0.48,5,400,0,32337.03,696771.78,0
 World,Dominican Republic,2016,EXPIMP,Plastic or Rubber,1146004.6,368417.76,6.31,4.06,1,2.37,2.37,3.63,5.58,1830,40.82,59.13,0,0.05,60,0,0,233899.46,7605.05,8.7,9.71,26570,76.99,21.87,0.82,15.79,400,0,37239.65,241504.5,0
 World,Algeria,2016,EXPIMP,Plastic or Rubber,3367065.3,6398.17,4.86,0.02,1,0.37,0.37,3.73,5.17,604,15.56,84.44,0,0,25,0,0,3719.45,267.37,9.4,10.53,15154,78.82,20.15,1.99,23.68,400,0,216.74,3986.82,0
 World,East Asia & Pacific,2016,EXPIMP,Plastic or Rubber,187266743.2,228589125.25,4.06,4.54,,,,5.95,6.78,158488,64.61,35.11,0.03,0.26,400,0,18572338.46,214714615.16,0,8,8.56,41855,74.95,23.78,0.03,0.31,400,0,23440436.06,214714615.16,0
 World,Europe & Central Asia,2016,EXPIMP,Plastic or Rubber,322159416.46,290374980.74,5.11,4.93,,,,4.95,5.32,320400,57.25,42.49,0.02,0.23,400,0,5559342.11,95793457.54,0,8,8.21,41855,74.95,23.78,0.01,0.15,400,0,6219278.31,95793457.54,0
 World,Ecuador,2016,EXPIMP,Plastic or Rubber,1108925.28,148884.75,6.79,0.82,1,-9.49,-9.49,4.64,4.73,1791,48.13,51.81,0.06,0,50,0,114.31,152590.92,485.05,8.77,10.8,26670,77.29,21.59,0.84,15.91,400,0,27918.47,153075.97,0
 World,"Egypt, Arab Rep.",2016,EXPIMP,Plastic or Rubber,4698177.7,1076783.09,5.47,4.59,1,-9.49,-9.49,3.59,3.48,4858,38.6,61.28,0,0.12,50,0,0,1076527.07,3802.73,8.26,7.18,35436,75.75,23.03,0.64,8.3,400,0,84369.18,1080329.8,0
 World,Eritrea,2016,EXPIMP,Plastic or Rubber,25889.54,25.11,6.46,0.01,,,,9.47,5.97,167,61.08,38.92,0,0,45,0,0,123.19,0.27,10.13,8.5,4850,79.03,20.29,2.99,16.77,50,0,107.32,123.45,0
 World,Western Sahara,2016,EXPIMP,Plastic or Rubber,65.21,2.09,1.65,0.02,,,,7.58,8.35,20,90,10,0,0,25,0,0,0.17,0,9.48,9.06,2064,74.52,25,10,40,45,0,0.03,0.17,0
 World,Spain,2016,EXPIMP,Plastic or Rubber,14991204.03,14602014.9,5.22,5.52,1,-0.41,-0.41,5.45,5.83,16539,61.44,38.35,0.01,0.21,400,0,108013.68,4976904.29,273.46,8,7.85,41855,74.95,23.78,0.27,2.93,400,0,441891.25,4977177.75,0
 World,Estonia,2016,EXPIMP,Plastic or Rubber,870633.49,358634.34,5.07,2.69,1,-2.72,-2.72,4.71,5.5,2792,58.74,40.97,0.07,0.21,30,0,4599.21,55376.55,226.81,8.87,9.45,30595,77.28,21.41,1.36,12.93,400,0,5082.19,55603.36,0
 World,Ethiopia(excludes Eritrea),2016,EXPIMP,Plastic or Rubber,521403.15,3424.94,4.42,0.13,1,-27.85,-27.85,8.62,4.7,468,54.91,45.09,0,0,25,0,0,2886.06,108.16,10.43,7.9,13142,80.06,18.7,4.06,30.56,400,0,906.63,2994.22,0
 World,Finland,2016,EXPIMP,Plastic or Rubber,2991463.04,2676193.16,4.95,4.22,1,-0.8,-0.8,4.57,4.64,7390,58.94,40.78,0.03,0.24,50,0,12996.15,999984.94,524.84,8.19,7.68,39666,75.53,23.21,0.51,6.24,400,0,20295.63,1000509.78,0
 World,Fiji,2016,EXPIMP,Plastic or Rubber,115061.54,4112,5.49,0.6,1,17.04,17.04,7.35,4.15,653,47.47,52.22,0.31,0,35,0,325.86,4056.93,120.19,9.54,10.49,23994,78.52,20.27,4.44,39.82,400,0,487.3,4177.12,0
 World,Falkland Island,2016,EXPIMP,Plastic or Rubber,8195.66,49.86,4.87,0.02,,,,1.22,1.13,43,11.63,88.37,0,0,20,0,0,13.7,41.68,9.4,9.51,3024,76.26,23.15,4.65,37.21,45,0,4.49,55.38,0
 World,France,2016,EXPIMP,Plastic or Rubber,27850142.15,24866160.68,5.03,4.9,1,-0.22,-0.22,5.64,6.03,19561,62.09,37.68,0.03,0.2,400,0,281799.14,7627338.84,1.05,8,7.93,41855,74.95,23.78,0.23,2.48,400,0,536051.08,7627339.89,0
 World,Free Zones,2016,EXPIMP,Plastic or Rubber,396081.6,578350.16,3.64,9.27,,,,6.73,6.56,796,86.56,13.32,0.13,0,25,0,1017.06,577834.59,1016.74,8.22,6.66,32604,75.77,23.09,1.76,44.85,400,0,21958.25,578851.33,0
 World,Faeroe Islands,2016,EXPIMP,Plastic or Rubber,57299.45,1226.7,3.48,0.09,,,,0.7,0.34,229,15.72,84.28,0,0,20,0,0,177.57,467.75,10.32,9.67,9107,79.16,19.89,3.06,34.93,400,0,0.67,645.32,0
 World,"Micronesia, Fed. Sts.",2016,EXPIMP,Plastic or Rubber,3533.65,19.51,1.95,0.03,,,,5.26,1.26,67,40.3,59.7,0,0,25,0,0,2.48,13.44,9.67,11.06,3225,78.39,21.02,1.49,26.87,50,0,0.05,15.92,0
 World,Gabon,2016,EXPIMP,Plastic or Rubber,130716.81,19230.34,4.5,0.48,,,,9.67,0.12,349,67.62,32.38,0,0,50,0,0,300.75,28648.89,9.78,3.94,12718,79.36,19.59,2.87,35.24,400,0,24.41,28949.64,0
 World,United Kingdom,2016,EXPIMP,Plastic or Rubber,22391001.65,14525998.59,3.58,3.9,1,-2.31,-2.31,5.71,6.54,19228,62,37.76,0.04,0.2,400,0,300819.16,5325267.79,2.85,8,8.36,41855,74.95,23.78,0.23,2.52,400,0,373415.06,5325270.63,0
 World,Georgia,2016,EXPIMP,Plastic or Rubber,393355.16,22221.35,4.14,1.18,1,-0.52,-0.52,2.78,2.65,955,34.76,65.24,0,0,25,0,0,2856.14,1565.73,9.32,10.24,21471,78.31,20.5,2.2,24.5,400,0,949.37,4421.86,0
 World,Ghana,2016,EXPIMP,Plastic or Rubber,906239.15,61451.1,5.45,0.5,1,,,7.66,5.95,1097,54.24,45.76,0,0,50,0,0,62007.75,5416.62,9.29,7.18,27764,77.89,20.84,3.83,28.44,400,0,3215.42,67424.38,0
 World,Gibraltar,2016,EXPIMP,Plastic or Rubber,22627.02,349.19,0.18,0.13,,,,5.62,7.35,282,79.08,20.92,0,0,25,0,0,314.19,59.86,9.5,9.26,10968,78.77,20.28,3.55,33.69,400,0,56.34,374.04,0
 World,Guinea,2016,EXPIMP,Plastic or Rubber,177081.01,23360.64,3.96,0.67,,,,6.76,0.1,322,40.99,59.01,0,0,20,0,0,284.5,22720.88,9.59,3.97,9201,78.47,20.62,1.24,24.84,400,0,77.78,23005.38,0
 World,"Gambia, The",2016,EXPIMP,Plastic or Rubber,41854.06,85.44,3.88,0.05,1,,,5.61,8.25,277,58.12,41.88,0,0,25,0,0,67.8,3.57,9.87,9.52,6001,78.14,21.03,1.08,16.97,50,0,12.64,71.37,0
 World,Guinea-Bissau,2016,EXPIMP,Plastic or Rubber,14753.41,7.39,2.99,0,,,,6.11,8.74,47,40.43,59.57,0,0,22,0,0,2.53,0.85,8.89,9.31,2745,76.32,23.17,4.26,25.53,50,0,0.04,3.38,0
 World,Equatorial Guinea,2016,EXPIMP,Plastic or Rubber,45878.54,61.93,2.85,0,,,,8.71,7.21,85,80,20,0,0,30,0,0,97.29,0,10.24,8.28,4977,78.72,20.47,4.71,42.35,50,0,8.94,97.29,0
 World,Greece,2016,EXPIMP,Plastic or Rubber,2209394.58,1143045.72,5.01,4.75,1,2.98,2.98,4.09,3.95,5582,52.29,47.62,0.04,0.05,50,0,1427.93,389574.44,4142.98,8.4,8.39,37609,75.97,22.75,0.79,7.86,400,0,20044.54,393717.42,0
 World,Grenada,2016,EXPIMP,Plastic or Rubber,8832.5,86.58,3.77,0.23,,,,2.31,1.53,118,27.97,72.03,0,0,60,0,0,13.03,44.11,10.3,6.82,5964,79.34,19.74,8.47,38.14,400,0,5.51,57.14,0
 World,Greenland,2016,EXPIMP,Plastic or Rubber,35367.61,33.8,2.64,0,1,-11.3,-11.3,3.6,2.7,78,41.03,58.97,0,0,20,0,0,5.35,12.06,10.1,8.25,4323,76.57,22.04,20.51,56.41,200,0,0.6,17.41,0
 World,Guatemala,2016,EXPIMP,Plastic or Rubber,944747.55,415826.73,6.23,3.88,1,-1.41,-1.41,3.06,3.03,1839,31.65,68.3,0.05,0,60,0,280.19,273233.36,3260.88,8.45,8.17,33235,76.12,22.67,1.52,20.5,400,0,6328.07,276494.24,0
 World,Guam,2016,EXPIMP,Plastic or Rubber,10472.45,362.57,1.34,1.24,,,,3.05,2.49,138,88.41,11.59,0,0,8,0,0,292.86,59.93,10.23,10.47,15186,79.51,19.1,24.64,128.99,400,0,31.48,352.79,0
 World,Guyana,2016,EXPIMP,Plastic or Rubber,71166.67,2520.16,5.47,0.17,1,1.83,1.83,4.24,8.45,246,28.86,71.14,0,0,20,0,0,2297.12,44.87,10.08,10.74,8102,79.22,20,1.22,24.8,400,0,0.31,2341.99,0
 World,"Hong Kong, China",2016,EXPIMP,Plastic or Rubber,13778070.2,2569952.21,2.15,2.9,1,-6.77,-6.77,7.46,8.43,11933,74.47,25.44,0.03,0.06,400,0,108901.66,2551233.04,0,8,8.24,41855,74.95,23.78,0.38,4.06,400,0,137999.64,2551233.04,0
 World,Heard Island and McDonald Isla,2016,EXPIMP,Plastic or Rubber,120.27,0.29,28.65,0.23,,,,5.18,5.27,18,83.33,16.67,0,0,6.5,0,0,1.18,0,11.69,9.84,1239,74.66,24.46,0,61.11,50,0,0,1.18,0
 World,Honduras,2016,EXPIMP,Plastic or Rubber,543960.75,84350.47,5.42,0.98,1,1.17,1.17,2.23,3.58,1368,30.99,68.86,0.07,0.07,45,0,93.35,44329.26,4083.45,9.15,9.75,23361,78.16,20.72,1.1,18.06,400,0,2829.16,48412.71,0
 World,Croatia,2016,EXPIMP,Plastic or Rubber,1179971.34,329164.34,5.67,2.83,1,2.88,2.88,1.78,3.17,2658,43.64,56.28,0.04,0.04,50,0,557.37,71011.31,5352.56,8.55,10.26,35580,76.57,22.18,1.17,15.54,400,0,1345.77,76363.88,0
 World,Haiti,2016,EXPIMP,Plastic or Rubber,180236.73,2360.81,5,0.21,,,,5.62,4.06,235,46.81,53.19,0,0,25,0,0,2309.59,165.57,10.01,8.03,8826,78.26,20.84,3.83,30.21,400,0,1.94,2475.16,0
 World,Hungary,2016,EXPIMP,Plastic or Rubber,5648128.53,5708316.33,6.25,5.71,1,1.28,1.28,3.71,5.45,7153,55.49,44.21,0.03,0.28,50,0,30134.44,964092.54,367.72,8.2,9.07,37364,75.55,23.22,0.41,6,400,0,50257.86,964460.26,0
 World,Indonesia,2016,EXPIMP,Plastic or Rubber,8717429.49,8569908.65,5.9,5.13,1,1.05,1.05,5.08,5.41,10004,60.23,39.62,0.02,0.13,400,0,86003.37,8471468.77,2649.2,8.04,7.37,41199,75.06,23.68,0.45,4.77,400,0,276694.5,8474117.97,0
 World,India,2016,EXPIMP,Plastic or Rubber,15479988.19,6863146.33,4.72,2.86,1,0.04,0.04,6.4,6.99,17699,71.12,28.71,0.04,0.13,400,0,505760.91,6475188.4,0,8,8,41855,74.95,23.78,0.25,2.74,400,0,628843.17,6475188.4,0
 World,British Indian Ocean Ter.,2016,EXPIMP,Plastic or Rubber,105.12,61.55,0.31,0.31,,,,8.77,7.02,33,63.64,36.36,0,0,20,0,0,36.85,18.58,8.85,8.34,4493,76.05,22.99,6.06,124.24,60,0,0.01,55.44,0
 World,Ireland,2016,EXPIMP,Plastic or Rubber,3246750.13,1729886.26,4.72,1.05,1,-1.21,-1.21,5.1,5.35,5564,59.76,40.08,0.04,0.13,40,0,3484.01,476715.17,5675.67,8.29,8.44,36499,75.79,22.97,0.56,7.57,400,0,6221.39,482390.84,0
 World,"Iran, Islamic Rep.",2016,EXPIMP,Plastic or Rubber,3265143.24,2943021.63,5.05,6.05,,,,5.05,3.63,2766,73.5,26.25,0.04,0.22,40,0,22.13,2798127.15,277.07,8.21,4.45,33513,75.68,23.14,0.76,13.59,400,0,6277.85,2798404.22,0
 World,Iraq,2016,EXPIMP,Plastic or Rubber,1556932.63,15745.74,4.05,0.03,,,,3.05,0.09,484,26.45,73.35,0.21,0,25,0,13.63,311.68,15248.01,9.68,7.44,11795,80,19.15,1.03,19.63,400,0,34.59,15559.69,0
 World,Iceland,2016,EXPIMP,Plastic or Rubber,315774.77,15815.35,3.28,0.37,1,5.61,5.61,2.47,4.66,1252,33.31,66.69,0,0,50,0,0,16699.47,1388.35,9.01,9.24,22818,77.16,21.71,2.16,18.53,400,0,170.62,18087.82,0
 World,Israel,2016,EXPIMP,Plastic or Rubber,3703098.3,2576774.29,4.13,4.35,1,1.82,1.82,4.03,5.39,7024,56.99,42.9,0.01,0.1,50,0,12397.74,2485049.88,1520.13,8.26,8.93,39324,75.59,23.13,0.64,6.51,400,0,84508.06,2486570.01,0
 World,Italy,2016,EXPIMP,Plastic or Rubber,22162318.44,23730311.68,5.66,5.26,1,-0.26,-0.26,5.45,6.12,19952,60.97,38.8,0.03,0.21,400,0,190802.6,7827202.89,0,8,8.35,41855,74.95,23.78,0.23,2.43,400,0,503582.1,7827202.89,0
 World,Jamaica,2016,EXPIMP,Plastic or Rubber,236307.41,8944.97,5.4,0.88,1,-1.71,-1.71,4.06,4.8,682,27.42,72.43,0.15,0,60,0,13.45,5253.68,591.13,9.4,12.08,18699,77.93,21.04,2.05,25.95,400,0,363.16,5844.81,0
 World,Jordan,2016,EXPIMP,Plastic or Rubber,1039687.9,181281.43,4.81,2.85,1,-5.43,-5.43,1.47,0.99,1673,23.73,76.27,0,0,30,0,0,45010.73,109693.27,8.66,7.33,27017,76.8,22.03,0.84,18.05,400,0,10918.26,154704,0
 World,Japan,2016,EXPIMP,Plastic or Rubber,19205019.36,39748014.27,3.36,5.49,1,-0.28,-0.28,6.66,7.14,17600,75.13,24.66,0.06,0.15,400,0,2247802.97,36413691.99,0,8,7.95,41855,74.95,23.78,0.26,2.76,400,0,3997821.56,36413691.99,0
 World,Kazakhstan,2016,EXPIMP,Plastic or Rubber,1570321.26,93806.01,4.72,0.32,1,-5,-5,1.26,1.28,1253,34.48,65.52,0,0,25,0,0,48096.33,50130.7,8.68,8.05,30285,76.84,21.94,1.84,27.69,400,0,4304,98227.03,0
 World,Kenya,2016,EXPIMP,Plastic or Rubber,1094340,89897.9,5.97,1.79,,,,2.45,4.4,1719,36.3,63.64,0,0.06,50,0,0,81083.72,17165.42,8.43,10.77,34931,76.42,22.34,1.69,23.44,400,0,16731.22,98249.14,0
 World,Kyrgyz Republic,2016,EXPIMP,Plastic or Rubber,199421.74,14779.62,2.44,1.98,1,3.23,3.23,1.23,0.11,374,18.72,81.28,0,0,20,0,0,529.76,16326.61,9.84,11.21,15373,78.35,20.49,6.68,41.18,400,0,7346.08,16856.37,0
 World,Cambodia,2016,EXPIMP,Plastic or Rubber,654580.68,284754.75,3.53,1.62,1,14.26,14.26,3.85,2.94,1392,52.16,47.84,0,0,50,0,0,247031.7,2330.1,9.03,8.23,19963,77.74,21.19,0.43,14.8,400,0,169.81,249361.79,0
 World,Kiribati,2016,EXPIMP,Plastic or Rubber,3791.03,53.23,2.71,0.04,1,1.84,1.84,5.56,1.52,33,66.67,33.33,0,0,20,0,0,284.27,67.51,8.13,5.39,3234,75.23,24.15,0,60.61,50,0,0,351.78,0
 World,St. Kitts and Nevis,2016,EXPIMP,Plastic or Rubber,9049.58,524.45,2.26,0.62,1,17.15,17.15,3.25,6.85,109,27.52,72.48,0,0,35,0,0,476.03,34.66,11.43,13.75,6944,82.09,16.72,14.68,61.47,400,0,0.91,510.69,0
 World,"Korea, Rep.",2016,EXPIMP,Plastic or Rubber,13048397.1,37021147.6,3.19,7.11,1,0.04,0.04,5.49,5.62,17583,63.08,35.98,0.02,0.92,400,0,446762.67,34728182.91,0.08,8,7.12,41855,74.95,23.78,0.26,2.76,400,0,3865459.96,34728182.99,0
 World,Kuwait,2016,EXPIMP,Plastic or Rubber,977337.49,1048698.94,2.96,2.43,1,-3.07,-3.07,3.31,3.12,1454,45.46,54.54,0,0,35,0,0,933609.41,9148.44,8.93,4.64,26263,77.45,21.37,1.38,19.94,400,0,3108.78,942757.85,0
 World,Lao PDR,2016,EXPIMP,Plastic or Rubber,226289.98,184700.36,3.68,4.16,1,-3.13,-3.13,4.35,1.99,216,49.54,50.46,0,0,35,0,0,143525.98,12063.96,9.02,4.29,10232,76.46,22.76,0.93,36.11,400,0,22.22,155589.94,0
 World,Lebanon,2016,EXPIMP,Plastic or Rubber,922665.73,117238.38,3.7,4.6,1,,,5.86,5.1,2313,36.23,63.73,0.04,0,50,0,1.21,98144.21,881.17,8.78,12.03,31046,77.18,21.58,1.04,15.69,400,0,13652.85,99025.38,0
 World,Liberia,2016,EXPIMP,Plastic or Rubber,50322.7,106776.57,0.48,10.22,,,,12.02,0.98,219,41.55,58.45,0,0,400,0,0,97105.44,6682.34,10.12,3.89,10395,78.61,20.23,5.48,49.32,400,0,122.79,103787.78,0
 World,Libya,2016,EXPIMP,Plastic or Rubber,462947.19,1547.02,3.34,0.02,,,,8.15,3.15,162,59.26,40.74,0,0,20,0,0,347.53,1058.82,10.02,8.26,7215,80,19.24,1.85,32.1,400,0,10.09,1406.35,0
 World,St. Lucia,2016,EXPIMP,Plastic or Rubber,19910.23,333.99,1.68,0.23,1,2.55,2.55,1.5,4.17,255,12.55,87.45,0,0,20,0,0,359.12,342.24,10.25,10.7,12541,79.78,19.2,4.31,45.88,400,0,13.85,701.36,0
 World,Latin America & Caribbean,2016,EXPIMP,Plastic or Rubber,59604303.91,21566978.59,5.96,2.29,,,,4.02,5,62094,47.15,52.75,0.02,0.08,400,0,305352.05,19643462.65,396.76,8,8.91,41855,74.95,23.78,0.07,0.78,400,0,1398310.03,19643859.41,0
 World,Sri Lanka,2016,EXPIMP,Plastic or Rubber,931562.65,956636.33,4.93,9.16,1,-0.99,-0.99,5.44,9.35,4624,61.74,38.11,0.13,0.02,400,0,36256.61,937643.57,462.21,8.51,10.8,35047,76.18,22.54,0.93,8.76,400,0,46536.28,938105.78,0
 World,Lesotho,2016,EXPIMP,Plastic or Rubber,43376.12,972.5,3.21,0.11,,,,0.12,0.71,309,6.8,93.2,0,0,15,0,0,149.65,619.76,10.49,10.9,16954,79.86,18.81,10.68,62.46,400,0,21.97,769.41,0
 World,Lithuania,2016,EXPIMP,Plastic or Rubber,1484185.54,1235861.96,6.19,6.34,1,1.87,1.87,4.68,4.7,3585,62.01,37.35,0.03,0.61,35,0,1370.44,224181.35,499.15,8.42,8.99,35336,76.08,22.67,0.98,11.41,400,0,6744.22,224680.5,0
 World,Luxembourg,2016,EXPIMP,Plastic or Rubber,1619136.68,2132386.44,7.42,13.03,1,-0.83,-0.83,4.39,5.65,3759,57.12,42.4,0.03,0.45,35,0,861.58,399020.25,1897.18,8.54,9.92,32017,76.26,22.53,0.8,9.5,400,0,62538.32,400917.43,0
 World,Latvia,2016,EXPIMP,Plastic or Rubber,881755.55,279016.4,4.5,2.6,1,-4.71,-4.71,4.77,4.9,2345,63.8,36.03,0.09,0.09,50,0,357.12,52002.25,296.83,8.93,9.45,30427,77.57,21.18,1.28,14.93,400,0,2414.91,52299.08,0
 World,Macao,2016,EXPIMP,Plastic or Rubber,170001.26,69307.33,1.51,4.64,1,-7.39,-7.39,4.78,0.51,643,73.72,26.28,0,0,35,0,0,4175.9,56014.49,9.92,7.71,15022,79.14,19.73,1.87,24.57,400,0,608.38,60190.4,0
 World,Morocco,2016,EXPIMP,Plastic or Rubber,3241672.79,185641.57,5.49,0.72,1,-0.61,-0.61,4.86,6.17,2693,45.19,54.73,0.04,0.04,50,0,17841.14,133759.89,8277.86,8.57,9.09,32166,76.52,22.24,1.11,13.59,400,0,25111.32,142037.74,0
 World,Moldova,2016,EXPIMP,Plastic or Rubber,364923.19,21326.39,5.59,0.91,1,0.74,0.74,1.02,3.39,935,19.04,80.96,0,0,30,0,0,20564.57,1919.82,9.35,9.63,22444,78.44,20.45,2.03,24.81,400,0,376.33,22484.38,0
 World,Madagascar,2016,EXPIMP,Plastic or Rubber,166168.06,2018.57,5.02,0.07,1,7.71,7.71,3.1,4.7,476,28.57,71.43,0,0,25,0,0,2152.99,256.21,10.28,11.39,11437,79.49,19.61,0.84,20.8,400,0,20.48,2409.2,0
 World,Maldives,2016,EXPIMP,Plastic or Rubber,91049.74,246.44,5,0.09,1,7.95,7.95,3.33,3.08,201,40.8,59.2,0,0,30,0,0,163.9,2.75,10.13,9.19,6479,80.23,19.14,1.49,18.91,60,0,5.93,166.65,0
 World,Middle East & North Africa,2016,EXPIMP,Plastic or Rubber,41274289.02,36425136.54,3.86,4.95,,,,5.09,3.47,51505,50,49.88,0.03,0.09,400,0,234994.32,34541252.6,1308.82,8,5.43,41855,74.95,23.78,0.09,0.94,400,0,484280.07,34542561.42,0
 World,Mexico,2016,EXPIMP,Plastic or Rubber,27276131.25,10168748.4,6.91,2.52,1,-1.05,-1.05,4.42,6.12,10553,56.88,43.04,0.02,0.06,60,0,200085.94,9647521.35,4330.39,7.99,9.17,41351,75.02,23.73,0.36,4.52,400,0,547403.22,9651851.74,0
 World,Marshall Islands,2016,EXPIMP,Plastic or Rubber,8270.57,10317.5,0.04,1.83,,,,6.28,4.97,207,59.9,40.1,0,0,20,0,0,9872.97,85,10.61,7.55,8189,80.45,18.68,4.83,29.47,400,0,5.37,9957.98,0
 World,"Macedonia, FYR",2016,EXPIMP,Plastic or Rubber,480580.11,67851.8,4.27,1.18,1,2.39,2.39,0.69,0.57,1265,20.4,79.6,0,0,25,0,0,20533.97,47148.85,8.94,10.58,25521,77.77,21.07,0.95,22.37,400,0,559.78,67682.81,0
 World,Mali,2016,EXPIMP,Plastic or Rubber,148423.84,933.04,3.35,0.04,1,,,2.48,2.96,339,42.48,57.52,0,0,30,0,0,590.86,854.16,10.59,7.55,15059,79.92,18.69,9.73,51.92,400,0,31.54,1445.02,0
 World,Malta,2016,EXPIMP,Plastic or Rubber,223358.29,151525.22,1.69,2.68,1,-3.67,-3.67,5.54,5.87,1657,62.34,37.6,0.06,0,35,0,298.67,50559.23,496.58,8.89,8.4,22911,77.55,21.38,0.78,13.94,400,0,517.58,51055.81,0
 World,Myanmar,2016,EXPIMP,Plastic or Rubber,1054477.41,224214.09,4.69,1.93,1,2.33,2.33,4.4,3.95,864,49.77,50.23,0,0,50,0,0,210215.32,6595.05,9.21,4.6,17837,78.19,20.87,0.58,18.75,400,0,405.75,216810.37,0
 World,Mongolia,2016,EXPIMP,Plastic or Rubber,124305.6,5448.99,3.59,0.12,1,-1.23,-1.23,5.28,6.27,188,47.87,52.13,0,0,25,0,0,5407.82,54.73,9.41,7.3,10044,77.96,21.13,2.13,46.81,400,0,1.57,5462.55,0
 World,Northern Mariana Islands,2016,EXPIMP,Plastic or Rubber,3391.26,11.08,2.34,0.27,,,,2.05,2.93,17,29.41,70.59,0,0,3,0,0,5.9,0.03,11.78,12.98,2293,79.94,19.41,5.88,82.35,50,0,0.22,5.94,0
 World,Montenegro,2016,EXPIMP,Plastic or Rubber,142201.62,3510.78,4.07,0.84,1,4.41,4.41,0.78,0.48,427,15.93,84.07,0,0,20,0,0,677.74,2715.1,9.95,11.04,16840,79.48,19.32,5.62,41.45,400,0,145.37,3392.84,0
 World,Mozambique,2016,EXPIMP,Plastic or Rubber,285815.9,1650.17,3.63,0.04,1,-13.3,-13.3,0.84,0.89,504,12.7,87.3,0,0,50,0,0,982.64,1357.77,9.76,7.79,18032,78.79,20.11,2.38,36.71,400,0,482.68,2340.41,0
 World,Mauritania,2016,EXPIMP,Plastic or Rubber,144991,2063.39,4.28,0.1,1,,,8.12,5.4,143,41.26,58.74,0,0,50,0,0,1017.77,42.92,9.2,8.1,6882,77.43,21.77,2.8,35.66,50,0,128.79,1060.69,0
 World,Montserrat,2016,EXPIMP,Plastic or Rubber,19188.01,23.56,30.9,0.71,,,,3.23,4.17,134,38.81,61.19,0,0,18,0,0,42.49,10.48,10.15,9.23,4699,78.14,21.11,1.49,24.63,400,0,0.22,52.97,0
 World,Mauritius,2016,EXPIMP,Plastic or Rubber,188316.03,31892.26,3.79,1.42,1,3.03,3.03,3.29,4.33,1619,31.13,68.81,0.06,0,400,0,58.61,30153.23,4368.86,9.12,10.39,26848,78.01,20.83,0.8,18.47,400,0,2136.16,34522.09,0
 World,Malawi,2016,EXPIMP,Plastic or Rubber,80350.48,9355.41,6.16,0.95,,,,1.15,0.93,332,25.9,74.1,0,0,15,0,0,3909.72,8776.61,9.89,10.61,14263,78.57,20.39,6.33,38.55,400,0,1173.92,12686.33,0
 World,Malaysia,2016,EXPIMP,Plastic or Rubber,10217356.56,12897732.81,5.43,4.94,1,-0.8,-0.8,4.79,7.07,12519,61.26,38.65,0.01,0.08,400,0,165.43,12205772.27,7648.4,8,8.27,41855,74.95,23.78,0.36,3.87,400,0,666890.12,12213420.67,0
 World,North America,2016,EXPIMP,Plastic or Rubber,106192993.87,89559802.68,3.71,5.1,,,,6.9,6.95,38174,68.2,31.07,0.04,0.68,400,0,3444511.38,85828507.17,0,8,7.67,41855,74.95,23.78,0.12,1.27,400,0,4389245.29,85828507.17,0
 World,Namibia,2016,EXPIMP,Plastic or Rubber,215479.22,4625.33,3.45,0.15,1,-5.28,-5.28,3.26,3.74,1135,23.52,76.48,0,0,50,0,0,8686.95,2876.78,9.37,11.02,26836,78.43,20.38,2.73,25.46,400,0,596.71,11563.73,0
 World,New Caledonia,2016,EXPIMP,Plastic or Rubber,120681.62,519.86,3.84,0.04,,,,3.61,3.02,248,46.77,53.23,0,0,30,0,0,181.59,27.16,10.22,10.75,8346,79.18,19.81,4.44,29.84,400,0,62.02,208.74,0
 World,Niger,2016,EXPIMP,Plastic or Rubber,56637.8,3417.94,4.35,0.47,1,-13.32,-13.32,2.34,2.92,373,38.07,61.93,0,0,25,0,0,663.74,233.75,10.11,10.97,12692,79.79,18.96,4.83,37.53,400,0,84.76,897.49,0
 World,Norfolk Island,2016,EXPIMP,Plastic or Rubber,671.45,57.83,1.73,4.07,,,,9,7.9,8,87.5,12.5,0,0,20,0,0,7.41,3.95,9.29,7.99,2428,73.89,24.63,112.5,337.5,200,0,0.11,11.36,0
 World,Nigeria,2016,EXPIMP,Plastic or Rubber,2098609.96,95422.36,5.2,0.27,1,,,7.34,3.86,1294,56.49,43.51,0,0,50,0,0,94545.62,1220.03,8.92,5.04,28913,76.99,21.81,2.86,23.96,400,0,1734.79,95765.66,0
 World,Nicaragua,2016,EXPIMP,Plastic or Rubber,344117.75,11813.46,5.56,0.22,1,31.75,31.75,1.42,3.47,618,18.77,81.23,0,0,30,0,0,3696.19,1727.88,9.52,9.21,17029,78.52,20.52,1.94,24.43,400,0,52.39,5424.06,0
 World,Niue,2016,EXPIMP,Plastic or Rubber,647.24,130.5,3.47,5.66,,,,8.23,6.13,79,54.43,45.57,0,0,15,0,0,93.71,0,9.56,8.4,3246,78.59,20.83,1.27,22.78,400,0,0.98,93.71,0
 World,Netherlands,2016,EXPIMP,Plastic or Rubber,18134816.82,24296963.67,3.66,5.81,1,0.12,0.12,5.35,4.57,16076,60.82,38.96,0.01,0.21,400,0,32726.29,4802206.86,384.94,8,6.22,41855,74.95,23.78,0.28,3.02,400,0,128384.73,4802591.81,0
 World,Norway,2016,EXPIMP,Plastic or Rubber,5228426.85,1096210.76,4.19,1.21,1,-0.88,-0.88,3.76,4.7,5479,47.55,52.33,0.02,0.11,50,0,5081.88,1009913.91,34899.43,8.14,7.4,40107,75.31,23.41,0.82,8.52,400,0,14413.97,1044813.34,0
 World,Nepal,2016,EXPIMP,Plastic or Rubber,286204.88,46886.5,4.24,6.58,1,16.36,16.36,2.42,3.85,600,38,62,0,0,25,0,0,42357.61,3211.63,10.22,9.15,13031,80.13,18.91,0.67,20.17,400,0,164.77,45569.24,0
 World,Nauru,2016,EXPIMP,Plastic or Rubber,2316.22,179.15,4.11,0.82,,,,4.15,2.46,95,78.95,21.05,0,0,20,0,0,6.81,13.13,9.77,8.68,4152,77.82,21.48,3.16,27.37,50,0,1.92,19.93,0
 World,New Zealand,2016,EXPIMP,Plastic or Rubber,1771459.65,357483.87,4.88,1.03,1,-0.9,-0.9,5.48,6.97,4901,61.86,37.44,0.08,0.61,40,0,50840.84,328492.78,591.68,8.31,10.95,38472,75.73,22.99,0.9,9.16,400,0,57940.8,329084.46,0
 World,"Other Asia, nes",2016,EXPIMP,Plastic or Rubber,7646760.82,21726589.29,2.87,5.67,1,-1.93,-1.93,6.75,6.12,17361,73.75,25.21,0.02,1.03,400,0,205475.59,20986488.95,0,8,6.84,41855,74.95,23.78,0.26,2.79,400,0,2796369.86,20986488.95,0
 World,Oman,2016,EXPIMP,Plastic or Rubber,995342.69,871437.1,3.39,3.3,1,-9.23,-9.23,5.28,3.93,1608,51.37,48.63,0,0,50,0,0,954311.77,2047.94,8.85,6.5,26395,77.3,21.54,1.24,17.72,400,0,4866.35,956359.71,0
 World,Pakistan,2016,EXPIMP,Plastic or Rubber,2843410.61,269273.39,5.77,1.25,1,0.83,0.83,5.81,4.39,3986,63.37,36.53,0.03,0.08,400,0,468.68,249486.36,131.04,8.5,6.5,34045,76.45,22.33,0.6,9.81,400,0,1506.09,249617.4,0
 World,Panama,2016,EXPIMP,Plastic or Rubber,842095.95,152454.12,2.28,3.44,1,-2.7,-2.7,6.6,10.85,2328,51.68,48.28,0.04,0,60,0,555.8,107656.05,1008.67,8.73,13.32,33890,76.81,21.93,1.59,16.67,400,0,6120.39,108664.73,0
 World,Pitcairn,2016,EXPIMP,Plastic or Rubber,25.31,33.69,0.48,2.61,,,,2.42,0.09,23,65.22,34.78,0,0,9,0,0,0.36,7.24,9.64,8.96,2176,77.3,22.24,0,43.48,60,0,0,7.59,0
 World,Peru,2016,EXPIMP,Plastic or Rubber,2349082.59,497012.22,6.44,1.33,1,-5.66,-5.66,2.6,3.6,2739,35.63,64.33,0,0.04,30,0,0,473354.58,2604.96,8.26,10.28,35606,75.85,22.97,0.91,14.49,400,0,35794.01,475959.54,0
 World,Philippines,2016,EXPIMP,Plastic or Rubber,4735896.9,1409201.53,4.25,1.82,1,16.09,16.09,2.86,5.41,4853,47.87,51.91,0,0.23,40,0,0,1296431.95,4564.71,8.21,10.58,36624,75.73,23.05,0.52,8.72,400,0,93034.13,1300996.66,0
 World,Palau,2016,EXPIMP,Plastic or Rubber,4876.04,16.84,4.24,0.07,1,25.18,25.18,3.88,6.38,48,39.58,60.42,0,0,15,0,0,16.5,0.27,8.28,7.54,1674,74.01,25.63,0,12.5,45,0,0,16.77,0
 World,Papua New Guinea,2016,EXPIMP,Plastic or Rubber,189841.5,8491.48,4.37,0.1,,,,1.66,1.67,193,20.73,78.76,0,0.52,20,0,0,7854.54,695.69,9.64,4.42,14679,78.43,20.48,7.25,75.65,400,0,7.39,8550.22,0
 World,Poland,2016,EXPIMP,Plastic or Rubber,15662694.47,12121442.08,7.62,6.38,1,1.73,1.73,4.73,6.15,11297,59.16,40.47,0.01,0.36,400,0,64602.59,2119826.11,598.65,8.07,9.9,40852,75.14,23.59,0.4,4.2,400,0,207466.49,2120424.75,0
 World,"Korea, Dem. Rep.",2016,EXPIMP,Plastic or Rubber,265502.36,21942.23,8.39,0.75,,,,8.21,4.99,1326,77.9,21.72,0.08,0.3,45,0,523.62,14780.36,969.82,8.69,6.59,29928,76.63,22.13,2.34,25.57,400,0,978.9,15750.17,0
 World,Portugal,2016,EXPIMP,Plastic or Rubber,4148345.89,3520571.45,6.36,6.71,1,1.01,1.01,4.92,6.53,8290,58.24,41.58,0.02,0.16,400,0,10195.88,861476.73,239.59,8.08,10.55,40914,75.23,23.51,0.47,5.75,400,0,57977.68,861716.32,0
 World,Paraguay,2016,EXPIMP,Plastic or Rubber,593099.13,77773.61,6.43,1.21,1,-1.63,-1.63,2.45,2.06,513,30.6,69.4,0,0,30,0,0,67189.4,10173.92,9.29,10.46,16102,78.31,20.67,0.78,31.19,400,0,486.42,77363.33,0
 World,Occ.Pal.Terr,2016,EXPIMP,Plastic or Rubber,33948.46,1064.52,2.77,0.9,1,1.62,1.62,2.49,0.89,120,10,90,0,0,20,0,0,573.61,822.38,10.71,11.14,7315,80.01,19,2.5,57.5,400,0,290.55,1396,0
 World,French Polynesia,2016,EXPIMP,Plastic or Rubber,70639.29,336.95,3.49,0.19,,,,1.82,5.99,143,16.78,83.22,0,0,20,0,0,321.31,14.73,9.81,4.74,5696,78.79,20.42,2.1,29.37,400,0,7.71,336.04,0
 World,Qatar,2016,EXPIMP,Plastic or Rubber,908980.52,2556263.55,2.28,4.6,1,-2.03,-2.03,5.55,3.49,2082,54.76,45.1,0.05,0.1,400,0,53.19,2347994.05,4163.93,8.82,4.59,26418,76.78,21.98,1.34,14.36,400,0,13993.82,2352157.98,0
 World,Romania,2016,EXPIMP,Plastic or Rubber,4912114.95,3602442.78,6.93,5.72,1,2.76,2.76,4.31,6.76,6521,55.13,44.66,0.02,0.2,50,0,54652.41,915931.22,663.13,8.43,11.58,36440,76.17,22.56,0.58,6.52,400,0,121635.62,916594.35,0
 World,Russian Federation,2016,EXPIMP,Plastic or Rubber,13620003.86,5120277.94,5.37,1.82,1,-0.06,-0.06,3.44,4.82,7237,52.83,46.35,0.01,0.82,40,0,23930.95,4903654.62,1343.11,8,7.65,41855,74.95,23.78,0.62,6.7,400,0,284787.18,4904997.72,0
 World,Rwanda,2016,EXPIMP,Plastic or Rubber,35758.23,423.34,2.18,0.1,1,3.05,3.05,1.4,1.81,101,15.84,84.16,0,0,20,0,0,171.52,156.37,10.33,10.85,10814,79.62,19.48,4.95,91.09,400,0,38.42,327.89,0
 World,South Asia,2016,EXPIMP,Plastic or Rubber,22105947.62,8238466.01,4.83,2.63,,,,6,6.8,29660,66.39,33.47,0.05,0.1,400,0,549284.83,7810276.21,0,8,8.34,41855,74.95,23.78,0.15,1.64,400,0,682637.91,7810276.21,0
 World,Saudi Arabia,2016,EXPIMP,Plastic or Rubber,5364152.77,17624166.54,3.34,10.29,1,-8.81,-8.81,3.62,3.3,5323,46.52,53.32,0.02,0.15,50,0,27.48,16972620.92,29120.09,7.93,4.74,38837,74.9,23.9,0.56,8.23,400,0,67601.36,17001741.01,0
 World,Senegal,2016,EXPIMP,Plastic or Rubber,462736.04,14896.43,4.24,0.55,1,-1.13,-1.13,2.36,2.12,633,36.81,63.19,0,0,30,0,0,18941.46,8173.82,9.36,10.77,17942,77.04,21.81,3.95,28.75,400,0,1772.32,27115.28,0
 World,"Serbia, FR(Serbia/Montenegro)",2016,EXPIMP,Plastic or Rubber,2526832.38,1274930.2,8.02,8.5,1,-0.14,-0.14,4.67,7.09,4249,69.88,27.87,0.02,2.24,50,0,24494.03,1134604.88,888.89,8.24,10.83,37946,75.7,23.06,0.75,10.28,400,0,102639.56,1135493.77,0
 World,Singapore,2016,EXPIMP,Plastic or Rubber,9004376.13,10524128.62,3.09,5.02,1,-0.48,-0.48,5.45,3.93,10903,55.02,44.91,0.02,0.06,400,0,16043.61,9693594.04,1880.06,8,5.34,41718,74.95,23.78,0.41,4.43,400,0,168337.61,9695474.1,0
 World,South Georgia and the South Sa,2016,EXPIMP,Plastic or Rubber,38.11,2.53,2.89,0.75,,,,,,,,,,,,,,,,,,,,,,,,,,,
 World,Saint Helena,2016,EXPIMP,Plastic or Rubber,6987.34,262.64,9.03,0.99,,,,4.49,1.39,147,40.14,59.86,0,0,25,0,0,42.76,100.07,9.34,6.98,5651,77.44,21.89,1.36,24.49,400,0,0.18,142.83,0
 World,Solomon Islands,2016,EXPIMP,Plastic or Rubber,21260.04,693.86,5.24,0.11,1,32.86,32.86,3.12,1.98,74,13.51,86.49,0,0,30,0,0,203.66,36.33,9.53,13.62,3802,77.49,21.54,1.35,48.65,50,0,14.99,240,0
 World,Sierra Leone,2016,EXPIMP,Plastic or Rubber,53804.81,2728.5,4.58,0.4,1,-29.54,-29.54,3.57,3.34,573,49.56,49.56,0.35,0.52,25,0,51.6,1222,188.85,10.2,8.94,16194,80.18,18.61,3.66,30.72,400,0,137.74,1410.85,0
 World,El Salvador,2016,EXPIMP,Plastic or Rubber,644633.04,335466.17,7.37,6.31,1,-1.77,-1.77,2.87,4.71,1478,35.25,64.61,0.07,0.07,30,0,84.89,158160.04,2614.07,8.99,12.81,25537,77.54,21.35,1.01,18.2,400,0,16963.73,160774.11,0
 World,San Marino,2016,EXPIMP,Plastic or Rubber,29332.51,9708.71,5.4,5.42,,,,2.96,3.77,712,44.24,55.62,0,0.14,20,0,0,7455.51,1938.75,9.15,6.95,17895,78.19,20.72,1.54,25.84,400,0,33.73,9394.26,0
 World,Somalia,2016,EXPIMP,Plastic or Rubber,109438.11,243.72,4.63,0.04,,,,4.8,0.85,101,44.55,55.45,0,0,20,0,0,9.77,46.65,9.51,8.83,4967,78.34,20.96,2.97,31.68,50,0,0.21,56.41,0
 World,Special Categories,2016,EXPIMP,Plastic or Rubber,909695.87,72135.66,2.02,1.4,,,,4.17,5.28,198,89.9,10.1,0,0,6.5,0,0,124801.66,5707.89,7.57,5.19,8213,73.99,25.05,1.52,38.38,400,0,578.05,130509.55,0
 World,Saint Pierre and Miquelon,2016,EXPIMP,Plastic or Rubber,3314.04,39.53,3.38,0.79,,,,4.65,3.91,91,27.47,72.53,0,0,15,0,0,0.6,0.29,10.08,9.87,2070,75.85,23.57,0,13.19,50,0,0,0.89,0
 World,South Sudan,2016,EXPIMP,Plastic or Rubber,11112.8,30.47,2.46,0,,,,3.69,2.12,22,54.55,45.45,0,0,25,0,0,3.9,18.5,8.7,6.45,2753,76.1,23.39,0,63.64,45,0,0,22.4,0
 World,Sub-Saharan Africa,2016,EXPIMP,Plastic or Rubber,16145464.52,2752351.02,4.56,1,,,,3.02,3.25,32633,37.68,62.26,0.02,0.04,400,0,20230.28,3157431.13,4764.43,8,7.22,41855,74.95,23.78,0.14,1.49,400,0,172603.98,3162195.56,0
 World,Sao Tome and Principe,2016,EXPIMP,Plastic or Rubber,8901.49,141.01,4.53,0.86,1,2.89,2.89,11,14.95,136,46.32,53.68,0,0,50,0,0,38.72,1.73,8.33,9.56,4710,75.29,23.69,0,35.29,50,0,0,40.45,0
 World,Sudan,2016,EXPIMP,Plastic or Rubber,605553.9,5002.43,7.41,0.14,,,,6.99,5.91,210,78.1,21.9,0,0,40,0,0,4989.01,53.38,9.65,8.19,6965,78.21,20.7,1.9,34.29,60,0,252.62,5042.39,0
 World,Suriname,2016,EXPIMP,Plastic or Rubber,80348.44,4736.9,6.44,0.31,1,,,2.94,5.24,473,31.08,68.92,0,0,40,0,0,3030.86,1218.77,9.94,12.56,16276,79.3,19.65,2.96,33.19,400,0,102.51,4249.64,0
 World,Slovak Republic,2016,EXPIMP,Plastic or Rubber,4372889.51,3788628.47,6.53,5.32,1,4.16,4.16,4.23,6.91,5713,54.28,45.49,0.02,0.21,50,0,20203.07,676195.36,397.5,8.43,11.87,36719,76.05,22.67,0.68,7.58,400,0,233890.56,676592.87,0
 World,Slovenia,2016,EXPIMP,Plastic or Rubber,1960241.86,1737814.68,6.38,6.18,1,2.26,2.26,3.37,5.48,5852,52.15,47.51,0.03,0.31,50,0,11137.22,320189.74,1145.77,8.13,9.51,39155,75.43,23.34,0.55,7.71,400,0,31069.48,321335.51,0
 World,Sweden,2016,EXPIMP,Plastic or Rubber,6323386.99,5298380.63,4.87,3.96,1,0.55,0.55,4.7,5.75,11229,60.19,39.61,0.02,0.18,400,0,74643.35,2149930.33,1752.2,8.03,7.87,41517,75.06,23.67,0.4,4.3,400,0,108252.07,2151682.53,0
 World,Swaziland,2016,EXPIMP,Plastic or Rubber,77266.08,8538.5,5.19,0.52,,,,3.28,2.89,1256,37.5,62.42,0,0.08,50,0,0,8470.48,686.9,9.04,11.36,26078,77.49,21.32,1.75,22.93,400,0,398.46,9157.38,0
 World,Saint Maarten (Dutch part),2016,EXPIMP,Plastic or Rubber,14534.2,209.91,1.47,0.16,,,,10.84,14.57,250,91.6,8.4,0,0,25,0,0,92.05,0.92,10.86,13.19,10817,80.41,18.63,4.4,37.2,400,0,16.25,92.96,0
 World,Seychelles,2016,EXPIMP,Plastic or Rubber,31460.39,2019.23,2.76,0.35,1,93.79,93.79,7.18,4.81,388,39.69,60.31,0,0,50,0,0,760.39,345.84,10.05,8.76,11662,79.9,19.2,1.03,26.03,400,0,13.84,1106.23,0
 World,Syrian Arab Republic,2016,EXPIMP,Plastic or Rubber,358724.63,7744.98,7.12,0.96,,,,1.47,1.78,851,22.09,77.91,0,0,30,0,0,5939.96,4166.08,9.66,10.26,17643,79.48,19.53,0.59,19.98,400,0,845.64,10106.04,0
 World,Turks and Caicos Isl.,2016,EXPIMP,Plastic or Rubber,5340.73,199.43,1.54,0.69,,,,11.79,15.74,98,48.98,51.02,0,0,45,0,0,136.87,3.7,9.81,11.45,6821,78.57,20.45,10.2,58.16,400,0,4.44,140.58,0
 World,Chad,2016,EXPIMP,Plastic or Rubber,51393.18,811.14,5.79,0.05,,,,9.12,8.94,151,62.25,37.75,0,0,20,0,0,70.47,0.99,11.27,11.36,6836,81.09,17.83,2.65,46.36,400,0,8.56,71.45,0
 World,Togo,2016,EXPIMP,Plastic or Rubber,177732.04,16216.65,1.68,0.89,1,-7.78,-7.78,1.02,1.71,424,18.63,81.37,0,0,35,0,0,24113.37,10266.26,9.8,13.71,21964,78.55,20.1,9.91,59.91,400,0,653.41,34379.62,0
 World,Thailand,2016,EXPIMP,Plastic or Rubber,8763795.04,24320337.46,4.72,10.15,1,0.87,0.87,5.43,5.37,14326,59.79,40.07,0.03,0.1,400,0,413253.06,22631040.63,24913.42,8,7.23,41855,74.95,23.78,0.31,3.39,400,0,1858449.19,22655954.05,0
 World,Tajikistan,2016,EXPIMP,Plastic or Rubber,149232.95,5230.38,4.27,0.63,,,,11.52,7.27,197,50.25,49.75,0,0,30,0,0,5153.57,51.17,9.29,5.97,11165,77.31,21.73,2.54,51.78,400,0,411.86,5204.73,0
 World,Tokelau,2016,EXPIMP,Plastic or Rubber,311.39,833.15,4.2,4.68,,,,7.9,3.75,353,59.77,40.23,0,0,40,0,0,108.21,130.99,10.49,7.67,9284,79.89,19,3.4,25.78,400,0,32.29,239.19,0
 World,Turkmenistan,2016,EXPIMP,Plastic or Rubber,194027.63,80752.38,3.09,1.03,,,,1.17,3.52,253,36.36,63.64,0,0,35,0,0,69367.46,215.89,9.94,4.52,9339,79.1,19.96,3.56,31.23,400,0,29.69,69583.35,0
 World,East Timor,2016,EXPIMP,Plastic or Rubber,19598.18,34.72,3.24,0.05,,,,4.24,4.65,34,70.59,26.47,0,2.94,15,0,0,22.16,1.01,10.26,9.65,2621,77.41,21.52,20.59,61.76,200,0,0.08,23.17,0
 World,Tonga,2016,EXPIMP,Plastic or Rubber,8502.33,13.4,3.91,0.09,,,,4.22,0.65,38,31.58,68.42,0,0,20,0,0,1.79,25.58,8.54,10.79,3361,75.69,23.68,7.89,47.37,50,0,24.26,27.37,0
 World,Trinidad and Tobago,2016,EXPIMP,Plastic or Rubber,263149.27,40276.65,3.94,0.47,,,,1.56,2.23,1100,19.64,80.27,0,0.09,45,0,0,27908.97,2009.68,9.44,10.58,24692,78.89,19.93,1.18,25.18,400,0,468.28,29918.65,0
 World,Tunisia,2016,EXPIMP,Plastic or Rubber,2047604.62,381100.05,6.87,2.74,1,2.34,2.34,2.92,4.23,3343,35.54,64.43,0.03,0,35,0,4797.44,293730.34,17320.95,8.28,9.37,34157,76.21,22.6,0.48,11.61,400,0,11421.87,311051.29,0
 World,Turkey,2016,EXPIMP,Plastic or Rubber,18104656.02,6713063.92,7.08,4.98,1,-2.07,-2.07,5.02,7.3,14628,57.51,42.27,0.01,0.21,400,0,350486.8,6208340.38,845.08,8.03,10.03,41577,75.04,23.69,0.31,3.29,400,0,988876.21,6209185.46,0
 World,Tuvalu,2016,EXPIMP,Plastic or Rubber,535.2,173.11,0.91,0.4,,,,3.05,5.01,36,27.78,72.22,0,0,20,0,0,79.63,75.8,8.65,8.53,3371,74.61,24.74,5.56,55.56,50,0,0.23,155.43,0
 World,Tanzania,2016,EXPIMP,Plastic or Rubber,641261.06,19746.12,6.12,0.42,1,-3.09,-3.09,0.74,1.95,995,16.38,83.62,0,0,30,0,0,17875.45,10128.88,9.03,9.7,27098,77.77,21.01,2.11,31.06,400,0,1525.75,28004.32,0
 World,Uganda,2016,EXPIMP,Plastic or Rubber,172223.85,13005.46,5.24,0.85,1,-5.25,-5.25,1.56,4.55,592,25,75,0,0,30,0,0,7591.71,5995.11,8.88,9.27,24311,77.16,21.7,2.2,44.76,400,0,118.46,13586.82,0
 World,Ukraine,2016,EXPIMP,Plastic or Rubber,3838301.18,428154.69,6.75,1.13,1,4.11,4.11,2.27,3.84,4266,40.25,59.73,0,0.02,50,0,0,400181.14,13967.14,8.26,9.96,36960,75.76,23.03,0.7,9.75,400,0,22526.66,414148.28,0
 World,United States Minor Outlying I,2016,EXPIMP,Plastic or Rubber,433.92,246.94,1.16,2.29,,,,7.59,3.66,196,74.49,25.51,0,0,35,0,0,101.57,140.16,9.35,7.46,9584,76.83,22.11,1.53,50.51,400,0,1.35,241.72,0
 World,Unspecified,2016,EXPIMP,Plastic or Rubber,1595954.43,4239070.07,0.31,1.39,,,,7.77,6.56,5833,79.56,20.35,0.02,0.07,60,0,633.16,3279916.03,0,8.05,7.08,41359,75.1,23.63,0.77,8.25,400,0,292460.31,3279916.03,0
 World,Uruguay,2016,EXPIMP,Plastic or Rubber,568558.81,235395.23,4.62,2.61,1,-7.31,-7.31,3.49,3.15,1582,46.84,53.1,0,0.06,30,0,0,208371.57,22457.94,8.68,8.35,26414,76.98,21.89,0.88,18.02,400,0,3792.04,230829.51,0
 World,United States,2016,EXPIMP,Plastic or Rubber,84507390.63,73539457.48,3.48,5.39,1,-0.99,-0.99,6.98,6.82,25258,66.73,32.26,0.04,0.96,400,0,2278290.85,69541113.11,0,8,7.47,41855,74.95,23.78,0.18,1.92,400,0,3152519.59,69541113.11,0
 World,Uzbekistan,2016,EXPIMP,Plastic or Rubber,671797.24,429006.71,5.98,5.72,,,,1.35,2.44,689,30.48,69.52,0,0,20,0,0,359454.91,12020.53,9.58,4.59,15937,77.93,20.97,2.32,23.08,400,0,538.22,371475.44,0
 World,Holy See,2016,EXPIMP,Plastic or Rubber,225.1,6.56,0.28,0.14,,,,4.93,5.88,72,63.89,36.11,0,0,20,0,0,77.11,3.53,9.46,11.51,3451,78.09,21.39,2.78,22.22,400,0,0.08,80.64,0
 World,St. Vincent and the Grenadines,2016,EXPIMP,Plastic or Rubber,7514.75,709.53,2.4,0.29,1,-3.74,-3.74,2.07,2.98,242,16.94,83.06,0,0,25,0,0,431.26,355.08,9.56,9.7,9835,78.62,20.66,1.24,28.1,400,0,65.68,786.34,0
 World,Venezuela,2016,EXPIMP,Plastic or Rubber,626065.57,44229.37,3.63,0.15,,,,6.58,5.22,1391,64.99,34.94,0,0.07,30,0,0,39522.71,2081.58,9.08,7.37,27444,77.4,21.39,2.01,22,400,0,1155.64,41604.29,0
 World,British Virgin Islands,2016,EXPIMP,Plastic or Rubber,12227.56,9432.73,0.55,1.37,,,,8.11,9.76,524,57.06,42.94,0,0,45,0,0,8886.75,348.07,9.35,13.24,15650,78.52,20.38,2.67,30.34,400,0,150.15,9234.82,0
 World,Vietnam,2016,EXPIMP,Plastic or Rubber,11505356.17,5544223.7,5.45,2.55,1,4.96,4.96,4.54,5.65,8433,58.51,41.39,0,0.11,400,0,0,5033459.71,1167.68,8.06,9.08,41194,75.13,23.6,0.53,5.68,400,0,351790.31,5034627.39,0
 World,Vanuatu,2016,EXPIMP,Plastic or Rubber,11761.1,107.57,2.9,0.04,,,,5.86,3.2,77,67.53,32.47,0,0,45,0,0,20.17,31.2,9.19,8.54,4834,77.7,21.64,10.39,31.17,60,0,3.5,51.37,0
 World, World,2016,EXPIMP,Plastic or Rubber,766113477.88,704145964.71,4.36,4.5,1,-1.08,-1.08,5.33,5.52,720783,58.21,41.53,0.03,0.24,400,0,32273819.51,486491807.33,0,8,8.02,41855,74.95,23.78,0.01,0.07,400,0,39899122.42,486491807.25,0
 World,Wallis and Futura Isl.,2016,EXPIMP,Plastic or Rubber,1142.19,26.23,2.37,3.45,,,,6.6,0.87,29,75.86,24.14,0,0,15,0,0,2.48,13.8,9.61,5.45,2798,77.95,21.23,10.34,68.97,50,0,0.12,16.28,0
 World,Samoa,2016,EXPIMP,Plastic or Rubber,18840.88,2827.37,5.24,4.42,1,-10.24,-10.24,5.99,3.75,211,73.46,26.54,0,0,25,0,0,1483.84,1384.67,9.49,5.23,8744,78.13,20.99,1.42,35.07,400,0,2.97,2868.51,0
 World,Yemen,2016,EXPIMP,Plastic or Rubber,346608.47,13066.34,4.68,1.37,,,,3.1,2.93,188,31.91,68.09,0,0,25,0,0,12978.61,718.96,10.11,7.55,7877,79.38,19.47,5.85,42.02,400,0,12.39,13697.58,0
 World,South Africa,2016,EXPIMP,Plastic or Rubber,4802057.71,1329425.14,4.88,1.38,1,-3.59,-3.59,3.52,5.01,10128,44.18,55.72,0.01,0.09,400,0,18614.29,1704249.19,22753.86,8,8.27,41855,74.95,23.78,0.44,4.79,400,0,125095.47,1727003.06,0
 World,"Congo, Dem. Rep.",2016,EXPIMP,Plastic or Rubber,216845.63,2102.36,4.02,0.04,,,,9.18,1.7,341,46.33,53.67,0,0,50,0,0,309.23,1712.38,10.31,5.26,11204,79.18,19.89,3.52,27.27,400,0,40.65,2021.61,0
 World,Zambia,2016,EXPIMP,Plastic or Rubber,243360.06,6068.13,5.5,0.11,,,,0.51,0.7,650,9.69,90.31,0,0,30,0,0,3367.27,3155.59,9.88,10.03,21565,79.05,19.69,5.08,36.46,400,0,79.65,6522.86,0
 World,Zimbabwe,2016,EXPIMP,Plastic or Rubber,212514.82,1529.09,6.44,0.07,1,-6.9,-6.9,0.66,0.41,582,14.6,85.22,0.17,0,30,0,11.83,814.43,4265.9,9.68,9.64,17887,78.65,20.27,3.26,29.73,400,0,434.17,5080.33,0
